model,rank,rank-aggregation,energy-diff-flip-times,tortuosity,spearman-compression-energy,spearman-compression-derivative,spearman-tension-energy,missing
MACE-MPA,1,6,1.0370741482965933,1.005455197941088,-0.9993684338373716,0.9963320580555048,0.993186372745491,2
MACE-MP(M),2,16,1.042211055276382,1.008986842539345,-0.999329983249581,0.9941160347190496,0.9915857612939804,5
MatterSim,3,18,1.045135406218656,1.0060900449752808,-0.99734962463147,0.9927904926901917,0.9880977115916667,3
CHGNet,4,22,1.1053159478435306,1.014753469076796,-0.9964985866690981,0.9929971733381963,0.9866417434120545,3
SevenNet,5,27,1.1093279839518555,1.0186969977862483,-0.9981277164827815,0.9889121911188109,0.9859580417030127,3
M3GNet,6,33,1.1748743718592964,1.0175007963267957,-0.9963209989340641,0.9897426526572255,0.9801690217498693,5
ORBv2,7,42,1.3162134944612287,1.0374718753890275,-0.9918459519667977,0.9701425127407,0.9637462235649547,7
