,model,Rank,Rank aggregate,energy-diff-flip-times,tortuosity,spearman-repulsion-energy,spearman-repulsion-derivative,spearman-attraction-energy,missing_predictions
0,MACE-MPA,1.0,6.0,1.035070140280561,1.0036325453517927,-0.9993714702131536,-0.9963320580555048,0.9945345235926398,2
1,MACE-MP(M),2.0,12.0,1.042211055276382,1.0079332356676365,-0.9990954773869347,-0.9941251295984508,0.9930817224380418,5
2,MatterSim,3.0,14.0,1.041123370110331,1.0029934644699097,-0.996708306738397,-0.9927856721801823,0.9894572391149439,3
3,SevenNet,4.0,22.0,1.098294884653962,1.008328210311643,-0.9977660253487736,-0.9889364318993313,0.9869511263415552,3
4,CHGNet,5.0,24.0,1.1013039117352057,1.0138116386647646,-0.995823835141789,-0.9929941292977102,0.9878058417677273,3
5,M3GNet,6.0,27.0,1.157788944723618,1.010884771300752,-0.9961991777067154,-0.9897426526572255,0.9811968843017489,5
6,ORBv2,7.0,35.0,1.3051359516616314,1.0172286087327478,-0.9882358326467087,-0.9701425127407,0.9699349995422502,7
